Marca temporal,Edad,Sexo,Género,Establecimiento,"¿Presenta necesidades especiales? (Consultar con tutor, no con estudiante)",“Ahora tengo más interés en el cuidado de mi región”,“Aprendí cosas nuevas sobre el cuidado de mi región”,“Me gustaría aprender más sobre el cuidado de mi región”,“Me gustó venir al LabAp”.,“Hubiese preferido tener una clase normal”.,“Siento que la visita fue una pérdida de tiempo”
15/10/2024 12:49:16,Muy de acuerdo,,,,,,Muy de acuerdo,Muy de acuerdo,De acuerdo,En desacuerdo,En desacuerdo
15/10/2024 12:55:19,Muy de acuerdo,,,,,,Muy de acuerdo,Muy de acuerdo,Muy de acuerdo,Muy en desacuerdo,En desacuerdo
15/10/2024 13:00:03,De acuerdo,,,,,,De acuerdo,En desacuerdo,Muy de acuerdo,De acuerdo,En desacuerdo
16/10/2024 11:59:23,Básica,Femenino,Femenino,,No,Muy de acuerdo,De acuerdo,De acuerdo,Muy de acuerdo,Muy en desacuerdo,Muy en desacuerdo
16/10/2024 12:09:41,Básica,Femenino,Femenino,,No,Muy de acuerdo,En desacuerdo,De acuerdo,Muy de acuerdo,Muy en desacuerdo,Muy en desacuerdo
16/10/2024 12:12:04,Básica,Femenino,Femenino,,No,De acuerdo,Ni acuerdo ni en desacuerdo,Muy de acuerdo,Muy de acuerdo,En desacuerdo,Muy en desacuerdo
16/10/2024 12:42:13,Básica,Masculino,Masculino,,No,Muy de acuerdo,De acuerdo,De acuerdo,Muy de acuerdo,En desacuerdo,Muy de acuerdo
16/10/2024 12:48:27,Básica,Femenino,Femenino,,No,Muy de acuerdo,Muy de acuerdo,Muy de acuerdo,Muy de acuerdo,Muy en desacuerdo,En desacuerdo
17/10/2024 12:22:32,Básica,Masculino,Masculino,Instituto Don Bosco,No,De acuerdo,Muy de acuerdo,Muy de acuerdo,Muy de acuerdo,Muy en desacuerdo,Muy en desacuerdo
17/10/2024 12:23:52,Básica,Masculino,Masculino,Instituto Don Bosco,No,Ni acuerdo ni en desacuerdo,De acuerdo,De acuerdo,Muy de acuerdo,Muy en desacuerdo,Muy en desacuerdo
17/10/2024 12:44:50,Básica,Masculino,Masculino,Instituto Don Bosco,No,De acuerdo,De acuerdo,De acuerdo,Muy de acuerdo,Muy en desacuerdo,Muy en desacuerdo
17/10/2024 12:45:20,Básica,Masculino,Masculino,Instituto Don Bosco,No,De acuerdo,De acuerdo,Muy de acuerdo,Muy de acuerdo,En desacuerdo,Muy en desacuerdo
17/10/2024 12:45:49,Básica,Masculino,Masculino,Instituto Don Bosco,No,Ni acuerdo ni en desacuerdo,Muy de acuerdo,De acuerdo,Muy de acuerdo,Muy en desacuerdo,Muy en desacuerdo
22/10/2024 10:47:04,1ero a 4to básico,Femenino,Femenino,Escuela villa las nieves,No,Muy de acuerdo,De acuerdo,Muy de acuerdo,De acuerdo,Muy de acuerdo,Ni acuerdo ni en desacuerdo
22/10/2024 10:50:18,Pre-escolar,Femenino,Femenino,Escuela Villa las Nieves ,No,De acuerdo,Ni acuerdo ni en desacuerdo,En desacuerdo,Muy de acuerdo,En desacuerdo,En desacuerdo
22/10/2024 10:53:22,Pre-escolar,Femenino,Femenino,Escuela Villa las Nieves ,No,Ni acuerdo ni en desacuerdo,Ni acuerdo ni en desacuerdo,De acuerdo,De acuerdo,De acuerdo,En desacuerdo
22/10/2024 10:55:51,Pre-escolar,Femenino,Femenino,Escuela Villa las Nieves ,No,Muy de acuerdo,De acuerdo,Muy de acuerdo,Muy de acuerdo,En desacuerdo,Muy en desacuerdo
22/10/2024 10:57:05,Pre-escolar,Masculino,Masculino,Escuela Villa las Nieves ,No,De acuerdo,Ni acuerdo ni en desacuerdo,De acuerdo,Ni acuerdo ni en desacuerdo,Muy en desacuerdo,En desacuerdo
22/10/2024 12:13:23,5to a 8to básico,Masculino,Masculino,Instituto Don Bosco,No,De acuerdo,De acuerdo,De acuerdo,Muy de acuerdo,En desacuerdo,En desacuerdo
22/10/2024 12:16:44,5to a 8to básico,Masculino,Masculino,Instituto Don Bosco ,No,De acuerdo,En desacuerdo,De acuerdo,Muy de acuerdo,Muy en desacuerdo,Muy en desacuerdo
22/10/2024 12:18:17,5to a 8to básico,Masculino,Masculino,Instituto Don Bosco,No,De acuerdo,Muy de acuerdo,De acuerdo,Muy de acuerdo,Muy en desacuerdo,Muy en desacuerdo
22/10/2024 12:22:09,5to a 8to básico,Masculino,Masculino,Instituto Don bosco,No,En desacuerdo,En desacuerdo,Ni acuerdo ni en desacuerdo,Muy de acuerdo,Muy en desacuerdo,Muy en desacuerdo
22/10/2024 12:37:59,1ero a 4to básico,Femenino,Femenino,Centro educacional sembrado vidas ,No,Muy de acuerdo,De acuerdo,Muy de acuerdo,Muy de acuerdo,Muy en desacuerdo,Muy en desacuerdo
22/10/2024 12:39:18,5to a 8to básico,Masculino,Masculino,Centro educacional sembrando vidas ,No,Muy de acuerdo,Muy de acuerdo,Muy de acuerdo,Muy de acuerdo,Muy en desacuerdo,Muy en desacuerdo
23/10/2024 10:57:43,Pre-escolar,Masculino,Masculino,Instituto don Bosco ,No,Ni acuerdo ni en desacuerdo,De acuerdo,De acuerdo,Muy de acuerdo,En desacuerdo,En desacuerdo
29/10/2024 10:40:22,5to a 8to básico,Femenino,Femenino,Escuela Libertador Bernardo O'higgins ,Sí,De acuerdo,De acuerdo,Muy de acuerdo,Muy de acuerdo,De acuerdo,Muy en desacuerdo
29/10/2024 10:45:43,5to a 8to básico,Femenino,Femenino,Escuela bernardo ohiggins ,No,Muy de acuerdo,De acuerdo,Muy de acuerdo,Muy de acuerdo,Muy en desacuerdo,Muy en desacuerdo
29/10/2024 10:47:38,5to a 8to básico,Otro,Otro,Escuela bernardo ohggins,No,De acuerdo,Ni acuerdo ni en desacuerdo,Muy de acuerdo,Muy de acuerdo,Muy en desacuerdo,Muy en desacuerdo
29/10/2024 10:54:10,5to a 8to básico,Masculino,Masculino,Bernardo O'Higgins ,No,De acuerdo,De acuerdo,De acuerdo,Muy de acuerdo,Muy en desacuerdo,Muy en desacuerdo
29/10/2024 10:58:28,5to a 8to básico,Masculino,Masculino,Bernardo O'Higgins ,No,Muy de acuerdo,Muy de acuerdo,Muy de acuerdo,Muy de acuerdo,Muy en desacuerdo,Muy en desacuerdo
29/10/2024 12:30:45,5to a 8to básico,Femenino,Femenino,Escuela bernardo ohiggins ,No,Muy de acuerdo,De acuerdo,De acuerdo,Muy de acuerdo,Muy en desacuerdo,Muy en desacuerdo
29/10/2024 12:32:56,5to a 8to básico,Femenino,Femenino,Escuela bernardo ohiggins ,No,Muy de acuerdo,Muy de acuerdo,Muy de acuerdo,Muy de acuerdo,Muy en desacuerdo,Muy en desacuerdo
29/10/2024 12:57:13,5to a 8to básico,Masculino,Masculino,Bernardo O'Higgins ,No,De acuerdo,De acuerdo,De acuerdo,Muy de acuerdo,Muy de acuerdo,Muy en desacuerdo
29/10/2024 13:04:28,5to a 8to básico,Masculino,Masculino,Bernardo O'Higgins ,No,Muy de acuerdo,Muy de acuerdo,De acuerdo,Muy de acuerdo,Muy en desacuerdo,Muy en desacuerdo
30/10/2024 12:53:39,1ero a 4to básico,Masculino,Masculino,Escuela Patagonia,Sí,En desacuerdo,En desacuerdo,En desacuerdo,En desacuerdo,Muy en desacuerdo,En desacuerdo
30/10/2024 12:57:04,1ero a 4to básico,Masculino,Masculino,Escuela Patagonia,No,En desacuerdo,Muy en desacuerdo,Muy de acuerdo,Muy de acuerdo,Muy en desacuerdo,Muy en desacuerdo
5/11/2024 10:29:25,1ero a 4to básico,Masculino,Masculino,Colegio Luterano,No,Muy de acuerdo,Muy de acuerdo,Muy de acuerdo,Muy de acuerdo,Muy en desacuerdo,Muy en desacuerdo
5/11/2024 10:33:00,1ero a 4to básico,Masculino,Masculino,Colegio Luterano ,No,Muy de acuerdo,Ni acuerdo ni en desacuerdo,Muy de acuerdo,Muy de acuerdo,Muy en desacuerdo,Muy en desacuerdo
5/11/2024 10:36:31,1ero a 4to básico,Masculino,Masculino,Colegio Luterano ,No,Muy de acuerdo,De acuerdo,Muy de acuerdo,Muy de acuerdo,Muy en desacuerdo,Muy en desacuerdo
5/11/2024 10:39:10,1ero a 4to básico,Femenino,Femenino,Colegio Luterano ,No,De acuerdo,Muy de acuerdo,Muy de acuerdo,Muy de acuerdo,Muy en desacuerdo,Muy en desacuerdo
5/11/2024 10:42:32,1ero a 4to básico,Femenino,Femenino,Colegio Luterano ,No,Muy de acuerdo,Muy de acuerdo,Muy de acuerdo,Muy de acuerdo,Muy en desacuerdo,Muy en desacuerdo
5/11/2024 10:46:05,1ero a 4to básico,Masculino,Masculino,Colegio Luterano ,No,Muy de acuerdo,Muy de acuerdo,Muy de acuerdo,Muy de acuerdo,Muy en desacuerdo,Muy en desacuerdo
5/11/2024 10:48:51,1ero a 4to básico,Femenino,Femenino,Colegio Luterano ,No,Muy de acuerdo,Muy de acuerdo,Muy de acuerdo,Muy de acuerdo,Muy en desacuerdo,Muy en desacuerdo
5/11/2024 11:59:02,Educación Media,Femenino,Femenino,Colegio Charles darwin,No,De acuerdo,De acuerdo,Muy de acuerdo,De acuerdo,Muy en desacuerdo,Muy en desacuerdo
5/11/2024 12:00:43,Educación Media,Femenino,Femenino,Colegio Charles Darwin,No,Ni acuerdo ni en desacuerdo,De acuerdo,De acuerdo,Muy de acuerdo,Muy en desacuerdo,Muy en desacuerdo
5/11/2024 12:02:10,Educación Media,Masculino,Masculino,Colegio Charles Darwin,No,De acuerdo,Ni acuerdo ni en desacuerdo,De acuerdo,Muy de acuerdo,En desacuerdo,Muy en desacuerdo
5/11/2024 12:04:08,Educación Media,Femenino,Femenino,Colegio Charles Darwin,No,Muy de acuerdo,Muy de acuerdo,Muy de acuerdo,Muy de acuerdo,Ni acuerdo ni en desacuerdo,Muy en desacuerdo
5/11/2024 12:05:11,Educación Media,Femenino,Femenino,Charles Darwin ,No,Muy en desacuerdo,Muy en desacuerdo,Muy en desacuerdo,Muy en desacuerdo,Ni acuerdo ni en desacuerdo,Muy en desacuerdo
6/11/2024 10:27:34,Pre-escolar,Masculino,Masculino,Villa las Nieves ,No,Muy de acuerdo,Muy de acuerdo,Muy de acuerdo,Muy de acuerdo,Muy en desacuerdo,Muy en desacuerdo
6/11/2024 10:30:13,Pre-escolar,Femenino,Femenino,Villa las Nieves ,No,Muy de acuerdo,Muy de acuerdo,Muy de acuerdo,Muy de acuerdo,Muy en desacuerdo,Muy en desacuerdo
6/11/2024 10:32:41,Pre-escolar,Femenino,Femenino,Villa las Nieves ,No,Muy de acuerdo,Muy de acuerdo,Muy de acuerdo,Muy de acuerdo,Muy en desacuerdo,Muy en desacuerdo
6/11/2024 10:34:22,Pre-escolar,Femenino,Femenino,Villa las Nieves ,No,Muy de acuerdo,Muy de acuerdo,Muy de acuerdo,Muy de acuerdo,Muy en desacuerdo,Muy en desacuerdo
6/11/2024 10:36:52,Pre-escolar,Femenino,Femenino,Villa las Nieves ,No,Muy de acuerdo,Muy de acuerdo,Muy de acuerdo,Muy de acuerdo,Muy en desacuerdo,Muy en desacuerdo
6/11/2024 10:38:55,Pre-escolar,Femenino,Femenino,Villa las Nieves ,No,Muy de acuerdo,Muy de acuerdo,Muy de acuerdo,Muy de acuerdo,Muy en desacuerdo,Muy en desacuerdo
6/11/2024 11:47:12,1ero a 4to básico,Femenino,Femenino,Colegio Francés ,No,Muy de acuerdo,Muy de acuerdo,Muy de acuerdo,Muy de acuerdo,Muy en desacuerdo,Muy en desacuerdo
6/11/2024 11:50:13,1ero a 4to básico,Femenino,Femenino,Colegio Francés ,No,Muy de acuerdo,Muy de acuerdo,Muy de acuerdo,Muy de acuerdo,Muy en desacuerdo,Muy en desacuerdo
6/11/2024 11:54:30,1ero a 4to básico,Femenino,Femenino,Colegio Francés ,No,Muy de acuerdo,Muy de acuerdo,Muy de acuerdo,Muy de acuerdo,Muy en desacuerdo,Muy en desacuerdo
6/11/2024 11:57:41,1ero a 4to básico,Masculino,Masculino,Colegio Francés ,No,Muy de acuerdo,Muy de acuerdo,Muy de acuerdo,Muy de acuerdo,Muy en desacuerdo,Muy en desacuerdo
7/11/2024 10:42:54,1ero a 4to básico,Femenino,Femenino,Escuela Villa las Nieves,No,De acuerdo,Muy de acuerdo,De acuerdo,Muy de acuerdo,Muy en desacuerdo,Muy en desacuerdo
7/11/2024 10:43:27,1ero a 4to básico,Femenino,Femenino,Escuela Villa las Nieves,No,Muy de acuerdo,Muy de acuerdo,De acuerdo,Muy de acuerdo,Muy en desacuerdo,Muy en desacuerdo
7/11/2024 12:51:06,Educación Media,Femenino,Femenino,Colegio Charles Darwin,No,Muy de acuerdo,De acuerdo,Muy de acuerdo,Muy de acuerdo,Muy en desacuerdo,Muy en desacuerdo
7/11/2024 12:52:20,Educación Media,Femenino,Femenino,Colegio Charles Darwin,No,De acuerdo,Muy de acuerdo,De acuerdo,Muy de acuerdo,En desacuerdo,Muy en desacuerdo
7/11/2024 12:52:44,Educación Media,Femenino,Femenino,Colegio Charles Darwin,No,De acuerdo,Ni acuerdo ni en desacuerdo,Muy de acuerdo,Muy de acuerdo,En desacuerdo,Muy en desacuerdo
7/11/2024 12:53:06,Educación Media,Masculino,Masculino,Colegio Charles Darwin,Sí,Muy de acuerdo,Muy de acuerdo,Muy de acuerdo,Muy de acuerdo,Muy en desacuerdo,Muy en desacuerdo
7/11/2024 12:53:46,Educación Media,Femenino,Femenino,Colegio Charles Darwin,No,Muy de acuerdo,Ni acuerdo ni en desacuerdo,De acuerdo,Muy de acuerdo,Muy en desacuerdo,Muy en desacuerdo
7/11/2024 12:54:08,Educación Media,Masculino,Masculino,Colegio Charles Darwin,Sí,De acuerdo,Muy de acuerdo,Ni acuerdo ni en desacuerdo,De acuerdo,En desacuerdo,Muy en desacuerdo
7/11/2024 12:54:30,Educación Media,Femenino,Femenino,Colegio Charles Darwin,No,Ni acuerdo ni en desacuerdo,Muy de acuerdo,Ni acuerdo ni en desacuerdo,Muy de acuerdo,Muy en desacuerdo,Muy en desacuerdo
8/11/2024 10:39:29,Educación Media,Femenino,Femenino,Charles Darwin ,No,De acuerdo,Muy de acuerdo,Muy de acuerdo,Muy de acuerdo,Muy en desacuerdo,Muy en desacuerdo
8/11/2024 10:41:28,Educación Media,Femenino,Femenino,Charles Darwin ,No,De acuerdo,Muy de acuerdo,De acuerdo,Muy de acuerdo,Muy en desacuerdo,Muy en desacuerdo
8/11/2024 10:43:58,Educación Media,Femenino,Femenino,Charles Darwin ,No,Ni acuerdo ni en desacuerdo,De acuerdo,De acuerdo,De acuerdo,Muy en desacuerdo,Muy en desacuerdo
8/11/2024 10:45:38,Educación Media,Femenino,Femenino,Charles Darwin ,No,Muy de acuerdo,Muy de acuerdo,Muy de acuerdo,Muy de acuerdo,Ni acuerdo ni en desacuerdo,Muy en desacuerdo
8/11/2024 10:51:29,Educación Media,Masculino,Masculino,Charles Darwin ,No,De acuerdo,Muy de acuerdo,De acuerdo,Muy de acuerdo,Muy en desacuerdo,Muy en desacuerdo
13/11/2024 10:29:43,1ero a 4to básico,Masculino,Masculino,Escuela Bernardo O'higgings ,Sí,De acuerdo,Ni acuerdo ni en desacuerdo,Muy de acuerdo,Muy de acuerdo,Muy en desacuerdo,Muy en desacuerdo
13/11/2024 10:38:24,1ero a 4to básico,Masculino,Masculino,Escuela Bernardo O'higgings ,Sí,Ni acuerdo ni en desacuerdo,De acuerdo,De acuerdo,Muy de acuerdo,En desacuerdo,En desacuerdo
13/11/2024 10:48:51,1ero a 4to básico,Femenino,Femenino,Escuela libertador Bernardo O'Higgins ,Sí,En desacuerdo,De acuerdo,Ni acuerdo ni en desacuerdo,Muy en desacuerdo,Muy en desacuerdo,Muy en desacuerdo
13/11/2024 10:51:56,1ero a 4to básico,Femenino,Femenino,Escuela libertador Bernardo O'Higgins,No,Muy de acuerdo,Muy de acuerdo,Muy de acuerdo,Muy de acuerdo,Muy en desacuerdo,Muy en desacuerdo
13/11/2024 10:54:45,1ero a 4to básico,Masculino,Femenino,Escuela libertador Bernardo O'Higgins,Sí,Muy de acuerdo,De acuerdo,Muy de acuerdo,Muy de acuerdo,Muy en desacuerdo,Muy en desacuerdo
13/11/2024 12:33:20,1ero a 4to básico,Femenino,Femenino,Escuela Patagonia ,Sí,Ni acuerdo ni en desacuerdo,Muy de acuerdo,De acuerdo,Muy de acuerdo,Muy en desacuerdo,Muy en desacuerdo
13/11/2024 12:34:36,1ero a 4to básico,Masculino,Masculino,Escuela Patagonia ,No,De acuerdo,Muy de acuerdo,De acuerdo,Muy de acuerdo,Ni acuerdo ni en desacuerdo,Muy en desacuerdo
13/11/2024 12:36:47,1ero a 4to básico,Femenino,Femenino,Escuela Patagonia ,No,Muy de acuerdo,Muy de acuerdo,Muy de acuerdo,Muy de acuerdo,Ni acuerdo ni en desacuerdo,Muy en desacuerdo
13/11/2024 12:42:11,1ero a 4to básico,Masculino,Masculino,Escuela Patagonia ,No,Muy de acuerdo,En desacuerdo,Muy de acuerdo,Muy de acuerdo,Muy en desacuerdo,Muy en desacuerdo
13/11/2024 12:44:08,1ero a 4to básico,Otro,Otro,Escuela Patagonia ,No,Muy de acuerdo,Muy de acuerdo,Muy de acuerdo,Muy de acuerdo,Muy en desacuerdo,Muy en desacuerdo
14/11/2024 10:17:42,Pre-escolar,Femenino,Femenino,Colegio Luterano,No,De acuerdo,De acuerdo,Muy de acuerdo,Muy de acuerdo,Muy en desacuerdo,De acuerdo
14/11/2024 10:20:10,Pre-escolar,Masculino,Masculino,Colegio luterano,No,De acuerdo,De acuerdo,Muy de acuerdo,Muy de acuerdo,Ni acuerdo ni en desacuerdo,En desacuerdo
14/11/2024 10:23:10,Pre-escolar,Femenino,Femenino,Colegio luterano,No,De acuerdo,De acuerdo,Muy de acuerdo,Muy de acuerdo,Ni acuerdo ni en desacuerdo,En desacuerdo
14/11/2024 10:25:51,Pre-escolar,Masculino,Masculino,Colegio luterano,No,De acuerdo,Muy de acuerdo,En desacuerdo,De acuerdo,En desacuerdo,En desacuerdo
15/11/2024 10:11:04,Educación Media,Femenino,Femenino,Colegio Punta Arenas ,No,Muy de acuerdo,Muy de acuerdo,De acuerdo,Muy de acuerdo,Ni acuerdo ni en desacuerdo,Muy en desacuerdo
15/11/2024 10:14:12,Educación Media,Femenino,Femenino,Colegio Punta Arenas ,No,De acuerdo,De acuerdo,De acuerdo,Muy de acuerdo,Muy en desacuerdo,Muy en desacuerdo
15/11/2024 10:46:10,Educación Media,Femenino,Femenino,Colegio Punta Arenas ,No,De acuerdo,De acuerdo,De acuerdo,Muy de acuerdo,Muy en desacuerdo,Muy en desacuerdo
15/11/2024 10:47:46,Educación Media,Masculino,Masculino,Colegio Punta Arenas ,No,De acuerdo,De acuerdo,Muy de acuerdo,Muy de acuerdo,Muy en desacuerdo,Muy en desacuerdo
15/11/2024 10:48:48,Educación Media,Masculino,Masculino,Colegio Punta Arenas ,No,De acuerdo,De acuerdo,Muy de acuerdo,Muy de acuerdo,En desacuerdo,Muy en desacuerdo
18/11/2024 10:17:06,1ero a 4to básico,Masculino,Masculino,Aleman,No,De acuerdo,Muy de acuerdo,Muy de acuerdo,Muy de acuerdo,Muy en desacuerdo,Muy en desacuerdo
18/11/2024 10:19:22,1ero a 4to básico,Masculino,Masculino,Ds Punta arenas,No,De acuerdo,De acuerdo,Ni acuerdo ni en desacuerdo,Muy de acuerdo,Muy en desacuerdo,Muy en desacuerdo
18/11/2024 10:22:52,1ero a 4to básico,Femenino,Femenino,Aleman,No,Muy de acuerdo,Muy de acuerdo,Muy de acuerdo,Muy de acuerdo,Ni acuerdo ni en desacuerdo,Muy en desacuerdo
18/11/2024 10:25:14,1ero a 4to básico,Femenino,Femenino,Aleman ,No,Muy de acuerdo,De acuerdo,Muy de acuerdo,Muy de acuerdo,Ni acuerdo ni en desacuerdo,En desacuerdo
18/11/2024 10:28:08,1ero a 4to básico,Femenino,Femenino,Aleman ,No,Muy de acuerdo,Muy de acuerdo,De acuerdo,Muy de acuerdo,Muy en desacuerdo,Muy en desacuerdo
18/11/2024 10:30:54,1ero a 4to básico,Masculino,Masculino,Colegio alemán de Punta Arenas ,No,Ni acuerdo ni en desacuerdo,De acuerdo,Ni acuerdo ni en desacuerdo,Muy de acuerdo,Muy en desacuerdo,Muy en desacuerdo
18/11/2024 10:32:55,1ero a 4to básico,Masculino,Masculino,Alemán,No,De acuerdo,Muy de acuerdo,Muy de acuerdo,Muy de acuerdo,Muy en desacuerdo,Muy en desacuerdo
18/11/2024 12:22:27,1ero a 4to básico,Masculino,Masculino,Escuela Patagonia ,No,Muy de acuerdo,De acuerdo,Muy de acuerdo,Muy de acuerdo,Muy en desacuerdo,Muy en desacuerdo
18/11/2024 12:25:38,1ero a 4to básico,Femenino,Femenino,Escuela Patagonia ,No,De acuerdo,Muy de acuerdo,De acuerdo,Muy de acuerdo,Muy en desacuerdo,Muy en desacuerdo
18/11/2024 12:30:39,1ero a 4to básico,Femenino,Femenino,Escuela Patagonia ,No,Muy de acuerdo,Muy de acuerdo,Muy de acuerdo,Muy de acuerdo,Muy en desacuerdo,Muy en desacuerdo
18/11/2024 12:32:56,1ero a 4to básico,Femenino,Femenino,Escuela Patagonia ,No,De acuerdo,De acuerdo,De acuerdo,Muy de acuerdo,Muy en desacuerdo,Muy en desacuerdo
18/11/2024 12:35:23,1ero a 4to básico,Masculino,Masculino,Escuela Patagonia ,No,De acuerdo,De acuerdo,De acuerdo,Muy de acuerdo,Muy en desacuerdo,Muy en desacuerdo
19/11/2024 10:24:37,Pre-escolar,Masculino,Masculino,Bernardo O'Higgins ,No,Muy de acuerdo,Muy de acuerdo,Muy de acuerdo,Muy de acuerdo,Muy en desacuerdo,Muy en desacuerdo
19/11/2024 10:27:12,1ero a 4to básico,Masculino,Masculino,Bernardo O'Higgins ,No,Muy de acuerdo,Muy de acuerdo,Muy de acuerdo,Muy de acuerdo,Muy en desacuerdo,Muy en desacuerdo
19/11/2024 10:29:19,1ero a 4to básico,Femenino,Femenino,Bernardo O'Higgins ,No,Muy de acuerdo,Muy de acuerdo,Muy de acuerdo,Muy de acuerdo,Muy en desacuerdo,Muy en desacuerdo
19/11/2024 10:30:55,1ero a 4to básico,Femenino,Femenino,Bernardo O'Higgins ,No,Muy de acuerdo,Muy de acuerdo,Muy de acuerdo,Muy de acuerdo,Muy en desacuerdo,Muy en desacuerdo
19/11/2024 10:32:37,1ero a 4to básico,Femenino,Femenino,Bernardo O'Higgins ,No,Muy de acuerdo,Muy de acuerdo,Muy de acuerdo,Muy de acuerdo,Muy en desacuerdo,Muy en desacuerdo
19/11/2024 10:56:06,Pre-escolar,Femenino,Femenino,Bernardo O'Higgins ,No,Muy de acuerdo,Muy de acuerdo,Muy de acuerdo,Muy de acuerdo,Muy en desacuerdo,Muy en desacuerdo
20/11/2024 10:55:48,1ero a 4to básico,Femenino,Femenino,Colegio Contardi,Sí,Muy de acuerdo,Muy de acuerdo,Muy de acuerdo,Muy de acuerdo,Muy en desacuerdo,Muy en desacuerdo
20/11/2024 10:57:15,1ero a 4to básico,Femenino,Femenino,Colegio Contardi ,No,Muy de acuerdo,Muy de acuerdo,Muy de acuerdo,Muy de acuerdo,Muy en desacuerdo,Muy en desacuerdo
20/11/2024 10:58:23,1ero a 4to básico,Masculino,Masculino,Colegio Contardi ,Sí,Muy de acuerdo,Muy de acuerdo,Muy de acuerdo,Muy de acuerdo,Muy en desacuerdo,Muy en desacuerdo
20/11/2024 12:24:36,1ero a 4to básico,Femenino,Femenino,INSAFA,No,Muy de acuerdo,De acuerdo,De acuerdo,Muy de acuerdo,En desacuerdo,En desacuerdo
20/11/2024 12:26:57,1ero a 4to básico,Femenino,Femenino,INSAFA,No,Ni acuerdo ni en desacuerdo,Muy de acuerdo,De acuerdo,Muy de acuerdo,Muy en desacuerdo,Muy en desacuerdo
20/11/2024 12:30:54,1ero a 4to básico,Femenino,Femenino,INSAFA,No,Muy de acuerdo,Muy de acuerdo,Muy de acuerdo,Muy de acuerdo,Muy en desacuerdo,Muy en desacuerdo
20/11/2024 12:34:35,1ero a 4to básico,Femenino,Femenino,INSAFA,No,De acuerdo,De acuerdo,De acuerdo,Muy de acuerdo,En desacuerdo,Ni acuerdo ni en desacuerdo
20/11/2024 12:37:38,1ero a 4to básico,Femenino,Femenino,INSAFA,No,De acuerdo,Ni acuerdo ni en desacuerdo,Muy de acuerdo,Muy de acuerdo,En desacuerdo,Muy en desacuerdo
21/11/2024 10:28:50,1ero a 4to básico,Masculino,Masculino,Colegio Bernardo O’higgins,No,Muy de acuerdo,Muy de acuerdo,Muy de acuerdo,Muy de acuerdo,Muy en desacuerdo,Muy en desacuerdo
21/11/2024 10:34:38,1ero a 4to básico,Femenino,Femenino,Colegio Bernardo O’higgins,No,Ni acuerdo ni en desacuerdo,De acuerdo,Muy de acuerdo,Muy de acuerdo,Muy en desacuerdo,Muy en desacuerdo
21/11/2024 10:35:22,1ero a 4to básico,Masculino,Masculino,Colegio Bernardo O’higgins,No,Muy de acuerdo,Muy de acuerdo,Muy de acuerdo,Muy de acuerdo,Muy en desacuerdo,Muy en desacuerdo
21/11/2024 10:38:30,1ero a 4to básico,Femenino,Femenino,Colegio Bernardo O’higgins,No,De acuerdo,Muy de acuerdo,Muy de acuerdo,Muy de acuerdo,Ni acuerdo ni en desacuerdo,Muy en desacuerdo
21/11/2024 10:40:24,1ero a 4to básico,Masculino,Masculino,Colegio Bernardo O’higgins,No,De acuerdo,Ni acuerdo ni en desacuerdo,Muy de acuerdo,Muy de acuerdo,Muy en desacuerdo,Muy en desacuerdo
21/11/2024 12:01:49,1ero a 4to básico,Masculino,Masculino,Colegio Punta Arenas,No,Ni acuerdo ni en desacuerdo,De acuerdo,De acuerdo,Muy de acuerdo,Muy en desacuerdo,Muy en desacuerdo
21/11/2024 12:02:52,1ero a 4to básico,Masculino,Masculino,Colegio Punta Arenas,No,De acuerdo,Ni acuerdo ni en desacuerdo,Muy de acuerdo,Muy de acuerdo,Muy en desacuerdo,Muy en desacuerdo
21/11/2024 12:03:40,1ero a 4to básico,Femenino,Femenino,Colegio Punta Arenas,No,Muy de acuerdo,Muy en desacuerdo,En desacuerdo,De acuerdo,Muy en desacuerdo,Muy de acuerdo
21/11/2024 12:04:26,1ero a 4to básico,Femenino,Femenino,Colegio Punta Arenas,No,De acuerdo,De acuerdo,En desacuerdo,Muy de acuerdo,De acuerdo,De acuerdo
21/11/2024 12:05:17,1ero a 4to básico,Femenino,Femenino,Colegio Punta Arenas,No,Muy de acuerdo,Muy de acuerdo,De acuerdo,Muy de acuerdo,Muy de acuerdo,Ni acuerdo ni en desacuerdo
22/11/2024 10:05:35,5to a 8to básico,Femenino,Femenino,Bernardo O'Higgins ,No,Muy de acuerdo,De acuerdo,Ni acuerdo ni en desacuerdo,Muy de acuerdo,Ni acuerdo ni en desacuerdo,Muy en desacuerdo
22/11/2024 10:08:43,5to a 8to básico,Femenino,Femenino,Bernardo O'Higgins ,No,Muy de acuerdo,De acuerdo,De acuerdo,Muy de acuerdo,Muy en desacuerdo,Muy en desacuerdo
22/11/2024 10:23:55,5to a 8to básico,Femenino,Femenino,Escuela Bernardo O'Higgins ,No,De acuerdo,De acuerdo,Muy de acuerdo,Muy de acuerdo,Muy en desacuerdo,Muy en desacuerdo
22/11/2024 10:27:47,5to a 8to básico,Femenino,Femenino,Bernardo O'Higgins ,No,De acuerdo,De acuerdo,De acuerdo,Muy de acuerdo,En desacuerdo,En desacuerdo
22/11/2024 10:30:16,5to a 8to básico,Femenino,Femenino,Bernardo O'Higgins ,No,Muy de acuerdo,De acuerdo,Muy de acuerdo,Muy de acuerdo,En desacuerdo,Muy en desacuerdo
25/11/2024 10:17:10,1ero a 4to básico,Masculino,Masculino,Colegio Alemán ,No,De acuerdo,Ni acuerdo ni en desacuerdo,Ni acuerdo ni en desacuerdo,Muy de acuerdo,Muy en desacuerdo,Muy en desacuerdo
25/11/2024 10:19:52,1ero a 4to básico,Masculino,Masculino,Colegio alemán ,No,De acuerdo,Muy de acuerdo,De acuerdo,Muy de acuerdo,Muy en desacuerdo,Muy en desacuerdo
25/11/2024 10:22:27,1ero a 4to básico,Masculino,Masculino,Colegio alemán ,No,Muy de acuerdo,Muy de acuerdo,Muy de acuerdo,Muy de acuerdo,Muy en desacuerdo,Muy en desacuerdo
25/11/2024 10:24:16,1ero a 4to básico,Masculino,Masculino,Colegio aleman,No,Ni acuerdo ni en desacuerdo,Ni acuerdo ni en desacuerdo,Muy de acuerdo,Muy de acuerdo,Muy en desacuerdo,Muy en desacuerdo
25/11/2024 10:27:53,1ero a 4to básico,Femenino,Femenino,Colegio Alemán ,No,De acuerdo,De acuerdo,De acuerdo,Muy de acuerdo,Muy en desacuerdo,Muy en desacuerdo
26/11/2024 11:27:22,1ero a 4to básico,Masculino,Masculino,Escuela Patagonia ,No,Muy de acuerdo,Muy de acuerdo,Muy de acuerdo,Muy de acuerdo,Muy en desacuerdo,Muy en desacuerdo
26/11/2024 11:29:10,1ero a 4to básico,Masculino,Masculino,Escuela Patagonia ,No,Muy de acuerdo,Muy de acuerdo,Muy de acuerdo,Muy de acuerdo,Muy en desacuerdo,Muy en desacuerdo
26/11/2024 11:31:13,1ero a 4to básico,Femenino,Femenino,Escuela Patagonia ,No,Muy de acuerdo,De acuerdo,Muy de acuerdo,De acuerdo,Muy en desacuerdo,Muy en desacuerdo
26/11/2024 11:33:42,1ero a 4to básico,Masculino,Masculino,Escuela Patagonia ,No,Muy de acuerdo,Muy de acuerdo,Muy de acuerdo,Muy de acuerdo,Muy en desacuerdo,Muy en desacuerdo
26/11/2024 11:36:05,1ero a 4to básico,Femenino,Femenino,Escuela Patagonia ,No,Muy de acuerdo,Muy de acuerdo,Muy de acuerdo,Muy de acuerdo,Muy en desacuerdo,Muy en desacuerdo
27/11/2024 11:05:04,1ero a 4to básico,Masculino,Masculino,Británico ,No,De acuerdo,En desacuerdo,Muy de acuerdo,Muy de acuerdo,Muy en desacuerdo,Muy en desacuerdo
27/11/2024 11:07:20,1ero a 4to básico,Masculino,Masculino,Colegio Británico ,No,De acuerdo,De acuerdo,Muy de acuerdo,Muy de acuerdo,Muy en desacuerdo,Muy en desacuerdo
27/11/2024 11:08:17,1ero a 4to básico,Masculino,Masculino,Colegio Británico ,No,De acuerdo,Muy de acuerdo,De acuerdo,Muy de acuerdo,Muy en desacuerdo,Muy en desacuerdo
27/11/2024 11:09:18,1ero a 4to básico,Masculino,Masculino,Colegio Británico ,No,Ni acuerdo ni en desacuerdo,Ni acuerdo ni en desacuerdo,Muy en desacuerdo,Muy de acuerdo,Muy en desacuerdo,Muy en desacuerdo
27/11/2024 13:03:28,1ero a 4to básico,Masculino,Masculino,Colegio Británico ,No,De acuerdo,En desacuerdo,Muy de acuerdo,Muy de acuerdo,Muy en desacuerdo,Muy en desacuerdo
27/11/2024 13:04:37,1ero a 4to básico,Femenino,Femenino,Colegio Británico ,No,Muy de acuerdo,Muy de acuerdo,Muy de acuerdo,Muy de acuerdo,Ni acuerdo ni en desacuerdo,Muy en desacuerdo
27/11/2024 13:05:59,1ero a 4to básico,Femenino,Femenino,Colegio Británico ,No,Muy de acuerdo,Muy de acuerdo,Muy de acuerdo,Muy de acuerdo,Muy en desacuerdo,Muy en desacuerdo
29/11/2024 10:44:00,1ero a 4to básico,Femenino,Femenino,Escuela Patagonia ,Sí,Muy de acuerdo,Muy en desacuerdo,Muy de acuerdo,Muy de acuerdo,Muy de acuerdo,Muy en desacuerdo
2/12/2024 10:25:56,1ero a 4to básico,Masculino,Masculino,Instituto Don Bosco ,No,En desacuerdo,En desacuerdo,De acuerdo,De acuerdo,En desacuerdo,En desacuerdo
2/12/2024 10:27:58,1ero a 4to básico,Masculino,Masculino,Instituto Don Bosco,No,De acuerdo,De acuerdo,De acuerdo,De acuerdo,En desacuerdo,En desacuerdo
2/12/2024 10:31:44,1ero a 4to básico,Masculino,Masculino,Instituto Don Bosco,No,Ni acuerdo ni en desacuerdo,De acuerdo,De acuerdo,De acuerdo,Ni acuerdo ni en desacuerdo,De acuerdo
2/12/2024 10:36:09,1ero a 4to básico,Masculino,Masculino,Instituto Don Bosco ,No,De acuerdo,De acuerdo,De acuerdo,De acuerdo,Ni acuerdo ni en desacuerdo,De acuerdo
2/12/2024 10:38:39,1ero a 4to básico,Masculino,Masculino,Instituto Don Bosco ,No,De acuerdo,De acuerdo,De acuerdo,De acuerdo,En desacuerdo,En desacuerdo
6/12/2024 10:13:54,1ero a 4to básico,Femenino,Femenino,The british school,No,Muy de acuerdo,Muy de acuerdo,De acuerdo,Muy de acuerdo,Muy en desacuerdo,Muy en desacuerdo
6/12/2024 10:16:33,1ero a 4to básico,Femenino,Femenino,The British School ,No,Muy de acuerdo,De acuerdo,Muy de acuerdo,Muy de acuerdo,Muy en desacuerdo,Muy en desacuerdo
6/12/2024 10:21:17,1ero a 4to básico,Masculino,Masculino,The British School ,No,Muy de acuerdo,Muy de acuerdo,Muy de acuerdo,Muy de acuerdo,Muy en desacuerdo,Muy en desacuerdo
6/12/2024 10:41:41,1ero a 4to básico,Femenino,Femenino,The British School ,No,Muy de acuerdo,Muy de acuerdo,Muy de acuerdo,Muy de acuerdo,Muy en desacuerdo,Muy en desacuerdo
6/12/2024 10:44:26,1ero a 4to básico,Femenino,Femenino,The British School ,No,Muy de acuerdo,Muy de acuerdo,Muy de acuerdo,Muy de acuerdo,Muy en desacuerdo,En desacuerdo
6/12/2024 10:46:12,1ero a 4to básico,Femenino,Femenino,The British school,No,Muy de acuerdo,Muy de acuerdo,Muy de acuerdo,Muy de acuerdo,Muy en desacuerdo,Muy en desacuerdo
6/12/2024 10:47:58,1ero a 4to básico,Femenino,Femenino,The British School ,No,Ni acuerdo ni en desacuerdo,De acuerdo,De acuerdo,Muy de acuerdo,En desacuerdo,Muy en desacuerdo
6/12/2024 12:33:40,5to a 8to básico,Femenino,Femenino,Educación Adventista de Punta Arenas,No,Muy de acuerdo,Muy de acuerdo,Muy de acuerdo,Muy de acuerdo,Muy en desacuerdo,Muy en desacuerdo
6/12/2024 12:35:44,5to a 8to básico,Femenino,Femenino,Liceo adventista de punta arenas ,No,De acuerdo,De acuerdo,Ni acuerdo ni en desacuerdo,Muy de acuerdo,En desacuerdo,Muy en desacuerdo
6/12/2024 12:37:22,5to a 8to básico,Femenino,Femenino,Liceo adventista Punta Arenas ,No,De acuerdo,De acuerdo,De acuerdo,Muy de acuerdo,Muy en desacuerdo,Muy en desacuerdo
6/12/2024 12:41:22,5to a 8to básico,Masculino,Masculino,Adventista ,No,Ni acuerdo ni en desacuerdo,De acuerdo,De acuerdo,Muy de acuerdo,En desacuerdo,Muy en desacuerdo
9/12/2024 10:16:46,Educación Media,Masculino,Masculino,Insuco,No,De acuerdo,Muy de acuerdo,De acuerdo,Muy de acuerdo,En desacuerdo,Muy en desacuerdo
9/12/2024 10:20:39,Educación Media,Masculino,Masculino,INSUCO ,No,Muy de acuerdo,De acuerdo,Muy de acuerdo,Muy de acuerdo,Muy en desacuerdo,Muy en desacuerdo
9/12/2024 10:24:10,Educación Media,Masculino,Masculino,INSUCO ,No,De acuerdo,Muy de acuerdo,De acuerdo,Muy de acuerdo,Muy en desacuerdo,Muy en desacuerdo
9/12/2024 10:27:41,Educación Media,Femenino,Femenino,INSUCO ,No,Muy de acuerdo,Muy de acuerdo,De acuerdo,Muy de acuerdo,En desacuerdo,En desacuerdo
9/12/2024 10:35:25,Educación Media,Masculino,Masculino,INSUCO,No,De acuerdo,Ni acuerdo ni en desacuerdo,De acuerdo,Muy de acuerdo,Muy en desacuerdo,En desacuerdo
9/12/2024 12:40:53,1ero a 4to básico,Masculino,Masculino,Centro Educativo Bambú,Sí,Ni acuerdo ni en desacuerdo,De acuerdo,Ni acuerdo ni en desacuerdo,Muy de acuerdo,Muy en desacuerdo,Muy en desacuerdo
9/12/2024 12:45:46,1ero a 4to básico,Masculino,Masculino,Centro Educativo Bambú,No,Ni acuerdo ni en desacuerdo,Ni acuerdo ni en desacuerdo,Ni acuerdo ni en desacuerdo,Ni acuerdo ni en desacuerdo,De acuerdo,Muy en desacuerdo
9/12/2024 12:49:22,1ero a 4to básico,Femenino,Femenino,Centro Educativo Bambú,No,Muy de acuerdo,De acuerdo,Muy de acuerdo,Muy de acuerdo,Muy en desacuerdo,Muy en desacuerdo
9/12/2024 12:51:11,1ero a 4to básico,Femenino,Femenino,Centro Educativo Bambú,Sí,De acuerdo,De acuerdo,De acuerdo,Muy de acuerdo,Muy en desacuerdo,Muy en desacuerdo
9/12/2024 12:55:13,1ero a 4to básico,Femenino,Femenino,Centro educativo Bambú,No,De acuerdo,Ni acuerdo ni en desacuerdo,De acuerdo,Muy de acuerdo,En desacuerdo,Muy en desacuerdo
11/12/2024 10:33:55,1ero a 4to básico,Masculino,Masculino,Liceo adventista ,No,Muy de acuerdo,Muy en desacuerdo,Muy en desacuerdo,Muy de acuerdo,Muy en desacuerdo,Muy en desacuerdo
11/12/2024 10:36:25,1ero a 4to básico,Femenino,Femenino,Liceo adventista ,No,Muy de acuerdo,Muy de acuerdo,De acuerdo,De acuerdo,Muy en desacuerdo,De acuerdo
11/12/2024 10:37:47,1ero a 4to básico,Masculino,Masculino,Liceo adventista ,Sí,Ni acuerdo ni en desacuerdo,Ni acuerdo ni en desacuerdo,Ni acuerdo ni en desacuerdo,Muy de acuerdo,Muy en desacuerdo,Muy en desacuerdo
11/12/2024 10:38:50,1ero a 4to básico,Masculino,Masculino,Liceo adventista ,No,Muy de acuerdo,Muy de acuerdo,Muy de acuerdo,Muy de acuerdo,Muy en desacuerdo,Muy en desacuerdo
11/12/2024 10:39:41,1ero a 4to básico,Masculino,Masculino,Liceo adventista ,Sí,Ni acuerdo ni en desacuerdo,Ni acuerdo ni en desacuerdo,Muy de acuerdo,Muy de acuerdo,Muy en desacuerdo,Muy en desacuerdo